,Facebook,Twitter,Other social media,Other,Direct,Display,Email,Organic Search,Paid Search,Referral
2020-03-01,,,,,,,,,,
2020-03-02,,,,,,,,,,
2020-03-03,,,,,,,,,,
2020-03-04,,,,,,,,,,
2020-03-05,,,,,,,,,,
2020-03-06,,,,,,,,,,
2020-03-07,22.354618535424187,9.768161423667522,0.4534339396406254,0.003405867057969481,37.436004451047424,0.0,1.6983771028118553,12.851717597364294,0.0026034066879122163,15.431677676298206
2020-03-08,23.617674298183886,14.377317213147025,0.4809377368517564,0.0035243057049737536,36.43100364352903,0.0,1.6490155456459081,14.589567864857978,0.0028402839819207603,8.848119108097512
2020-03-09,19.48211555075034,16.20306984790399,0.4994627129647755,0.00452307820315334,35.85478406288622,0.0,3.51244574682681,15.528901152541996,0.0030626083266493452,8.911635239596064
2020-03-10,15.289922246803771,17.681982090676424,0.9275553138251682,0.004115769667530215,35.52808658479982,0.0,5.261735285840969,16.049375355825948,0.0034487943525144432,9.253778558207847
2020-03-11,12.128229290354426,18.74267506245989,0.9753175458995406,0.004826031964031069,34.67433067186447,0.0,7.459929379225338,16.592949776460777,0.0033764954867040653,9.418365746284818
2020-03-12,9.974204939679254,22.690558816890917,0.9676850324283237,0.004753801092978501,32.2048407494586,0.0,8.945967817957248,16.151621918615415,0.003011391416036403,9.05735553246122
2020-03-13,8.1707243397337,23.919581918591522,0.97102938778996,0.005007666822284749,30.51952490448352,0.0,10.708389248800271,16.898765069537085,0.0031663084810985447,8.803811155760549
2020-03-14,8.468287563933526,22.524032374719507,0.9825851822486695,0.005750248699893154,29.488361405338985,0.0,12.268598997746663,17.852966541439425,0.0029959691622150303,8.406421716711106
2020-03-15,10.215962062940445,19.942427845852297,0.9918456073862867,0.006394474089212028,29.297562736430447,0.0,12.58637518213685,18.96815769338215,0.003098053662127884,7.988176344120177
2020-03-16,9.635664786988128,18.155675553815282,0.9835329752795368,0.005847339153595936,31.38539045200414,0.0,12.400248985728952,19.94168026750024,0.03280308833995645,7.459156551190162
2020-03-17,9.049103381127491,18.42353292532715,0.5844944206704501,0.006647156659907822,30.93426719468945,0.0,12.847271292619407,20.931595263354094,0.09084725824961269,7.132241107302427
2020-03-18,8.965629671934943,18.176140865108998,0.5574698929318481,0.008843462533254994,31.035199288778493,0.0,12.896102316333893,21.14865362092032,0.20547708470872839,7.006483796749508
2020-03-19,8.867226371564751,15.531402420026799,0.5398607256023529,0.054008375310294336,32.87514147793757,0.0,13.346337144224922,21.3292178118753,0.3497208059627899,7.107084867495205
2020-03-20,8.988247872273252,15.358137621491819,0.4875100896060303,0.06009540380397876,35.20472540182816,0.0,12.635987538760693,19.492190280713675,0.45329601895331784,7.3198097725690525
2020-03-21,8.11301145371903,14.268282645919621,0.511017794180421,0.06159699537727177,36.2353640086834,0.0,13.12873554914442,18.929193877310865,0.5600247123834746,8.192772963281476
2020-03-22,6.123907939071382,13.829102315796005,0.5338162295344739,0.06218966933965654,37.76154979932818,0.0,13.423819207285513,17.943582330427507,0.8246543293369498,9.49737817988032
2020-03-23,6.4908665876081155,14.573854802675111,0.5143459573995754,0.06296991073162445,38.234982139758685,0.0,12.983068838611164,16.18130145079932,0.8450904518813089,10.113519860535083
2020-03-24,6.845928348274664,13.802137706937362,0.48405531612648384,0.06347215914652155,39.906587102906364,0.0,12.94269012866788,14.675392025181,0.8463991525814277,10.433338060178283
2020-03-25,7.483144304980771,13.359401536902212,0.45841548043781694,0.06360569441495205,40.17698794389503,0.0,12.901845338035898,14.17372481451587,0.7956715572504889,10.587203329566949
2020-03-26,8.528940177271163,13.057406718141484,0.4700101779114342,0.021617387402922867,39.775866154183824,0.0,12.88034309203363,13.74521445389176,0.7006364914179181,10.819965347745844
2020-03-27,10.028478919183799,12.396874205785025,0.590117911065019,0.016012019712242125,39.27446278193731,0.0,13.0175138141864,13.736720868515965,0.6490693116025056,10.290750168011714
2020-03-28,12.26069000031336,11.331188178006752,0.597823206425444,0.013792916671371131,39.578188477706874,0.0,12.750195170118335,13.253300998810435,0.6026708057676429,9.612150246179766
2020-03-29,15.62444146726848,10.691909032986846,0.6044597863434661,0.013015927184030298,38.49700190015951,0.0,12.636971006093537,12.872949736109986,0.40558588354195707,8.653665260312165
2020-03-30,18.779552903704392,10.113657317183325,0.63919951005374,0.018179202701416767,36.63559627731696,0.0,12.807446163224851,12.55926947916942,0.4130674738462227,8.034031672799658
2020-03-31,21.31681787488072,9.837395741464794,0.6353502270262019,0.017972859650797028,36.06522917602232,0.0,12.137511647921558,12.177941683835448,0.41162789341998857,7.40015289577816
2020-04-01,23.283980853539365,8.992216520637443,0.6290813311880951,0.015244510974698275,36.66838035895881,0.0,11.673470347866266,11.261762390149139,0.4113304110971304,7.0645332755890475
2020-04-02,24.28917618539025,7.963114332588113,0.6272565128287307,0.013459353209583618,36.86800959947916,0.0,11.565568754431313,11.008934460791844,0.41961231821977296,7.244868483061227
2020-04-03,23.884824669697252,7.841018815658431,0.6008386552588527,0.012599347393203644,36.64107694598779,0.0,12.042940116359503,11.14738616742862,0.4410650566042818,7.388250225612055
2020-04-04,21.762317456186345,8.39328847138147,0.6222781703089053,0.01299278360408049,36.299448612583994,0.0,12.90914228464396,11.90631521600423,0.46932934566804524,7.624887659618955
2020-04-05,19.647654548709138,9.151944460219383,0.6428639885512136,0.014277605797393992,36.125019799151836,0.0,13.179348934518694,12.647490707333565,0.47577639410148587,8.115623561617282
2020-04-06,16.83932730450677,9.962497304431507,0.6631471837101277,0.014278474893756327,35.64014014470861,0.0,14.170842264489266,13.772711829132328,0.5086889171500193,8.42836657697761
2020-04-07,14.293243218485534,10.451499212310145,0.7117821217416359,0.01616924031453581,35.27807939108999,0.0,15.0952648751153,14.85266472628828,0.5493666916114953,8.75193052304307
2020-04-08,12.065848069466897,11.269110994898844,0.9691585996354323,0.019304994402340674,34.08645374153589,0.0,16.145905234919695,15.996251454606677,0.6195559260063155,8.828410984527896
2020-04-09,10.257944164136205,11.515656059538639,0.9829794489197938,0.01856707447775328,34.86165990185397,0.0,16.635685592131384,16.54477538114907,0.6586868058928498,8.524045571900322
2020-04-10,9.506294840223388,11.891153231700452,0.9386070845639046,0.021352748108241327,34.48023437949013,0.0,16.635642654482194,17.25105207926968,0.6709759806272124,8.604687001534796
2020-04-11,10.22415474508661,11.232657789925497,0.939413296441802,0.02185669161726153,33.506710717738784,0.0,17.020229555927607,17.637978536611232,0.6738763447518611,8.74312232189934
2020-04-12,10.199882364713188,10.940556257827284,0.9296782577095942,0.022033262732260122,32.14359493517209,0.0,17.333565758276276,18.030792673717034,0.6942661505480612,9.70563033930421
2020-04-13,11.23748364957235,9.936343175503396,0.9322745025946588,0.020936557167165828,31.50944684016633,0.0,16.825970840518032,18.391501844306127,0.7198003164116151,10.426242273760321
2020-04-14,11.354702402626087,10.382353400548768,0.9366757909995033,0.022987216750769316,30.958210506562768,0.0,16.926743098085932,18.180969439559384,0.7655766095767016,10.471781535290082
2020-04-15,11.529534807094452,12.0222190170136,0.7252436158282733,0.022071116584615608,30.386447060271728,0.0,16.68762116440711,17.37386852993031,0.7770973442372205,10.475897344632696
2020-04-16,11.899925229097793,13.423485041463138,0.7182360881076274,0.022063439607041702,27.60746656021709,0.0,17.81987118421626,16.961950439682276,0.7985954702285626,10.748406547380203
2020-04-17,12.227484621968907,13.9346838119324,0.7346460077366617,0.020612401330750034,25.829181543850606,0.0,19.148974180083712,16.288401027654007,0.8475072103780116,10.968509195064941
2020-04-18,11.649740333265916,14.251720524226473,0.7298123259297284,0.02036040453777174,26.724236484435895,0.0,19.47775675672992,15.379147881589004,0.88997377275195,10.87725151653334
2020-04-19,11.197668912397718,15.09156423031656,0.7592858450284152,0.018716082179056757,26.963910033316125,0.0,20.23896145677723,15.007225537265583,0.9573752409959165,9.765292661723395
2020-04-20,9.852491216421972,16.431886763980636,1.1075576413980752,0.014882190443579737,26.650430855221504,0.0,21.621343477316156,14.17577086190755,0.9853903837716943,9.160246609538829
2020-04-21,12.27207163417017,16.255716944535724,1.1057667718828696,0.012107590686459906,25.92493142387698,0.0,21.25057315676796,13.46586889176089,0.9356029755242693,8.77736061079467
2020-04-22,16.053000582963094,14.596181228651984,1.08557213578163,0.00932378647627008,25.715777737235495,0.0,20.376526032765515,12.889067978911523,0.8781671409285189,8.39638337628596
2020-04-23,17.86755442267201,13.693128615068556,1.1010504194948953,0.008035093253675551,26.053457864603313,0.0,19.30759791755233,12.884257362035125,1.0047849764590298,8.08013332886105
2020-04-24,17.614013050662518,13.31463222346828,1.113634129800609,0.05641610116045614,25.822917968236975,0.0,19.35798492460273,13.322022440337213,1.2453412311609664,8.153037930570234
2020-04-25,17.485581653227236,14.03968728151988,1.178361970527078,0.07518587442013754,23.938549870637814,0.0,19.748370920105987,13.965959358161575,1.4419354109190603,8.126367660481218
2020-04-26,17.099908239081383,13.556771685885618,1.2172195913680208,0.07876644000946956,23.461550307238078,0.0,19.99590112205524,14.619282550913493,1.6943621890098892,8.276237874438795
2020-04-27,16.80288100266136,13.034945288569345,0.8917976382620189,0.07872126858014393,24.226757058430717,0.0,20.005921153201676,14.875315438066922,1.9040346301244093,8.1796265221034
2020-04-28,14.109344804350169,12.493800183414395,0.8871850392580811,0.07736004766871465,25.788124178793673,0.0,20.952171855363307,15.389431521705285,2.0140789233287317,8.288503446117632
2020-04-29,10.47804337751991,13.013549305371821,0.912924209839324,0.07801646815121055,26.176795278832508,0.0,22.152591655681324,16.25507194632617,2.1429942883043895,8.790013469973333
2020-04-30,8.701695678910585,13.736558177985538,0.93645468153809,0.07959508771354827,26.531262905189333,0.0,22.669944640848968,16.288941906035568,2.0674954680730866,8.988051453705273
2020-05-01,9.647304292215265,13.81295886792265,0.9191137367524387,0.03068488882443704,27.24491984269417,0.0,22.013242523840425,15.865480028855888,1.875535822146763,8.590759996747957
2020-05-02,10.784834253890846,14.188569370947453,0.8491104371818908,0.015187248968740198,27.829303726061347,0.0,21.113443822108458,15.254849967458942,1.7008158452750455,8.263885328107268
2020-05-03,11.458946502169734,14.208463674811165,0.8117940194585123,0.012865000812579101,28.188352358840785,0.0,20.7980745305558,14.927984219086254,1.4828780300471842,8.110641664217983
2020-05-04,12.507438782537989,14.993470169859203,0.8260821046936072,0.01332020464773873,27.513222752859612,0.0,19.956467619610265,15.00408378065083,1.2600333405211386,7.925881244619613
2020-05-05,13.942309758864655,16.253864642300837,0.889105145165903,0.013289635797921166,25.988486968828017,0.0,18.748769391451763,14.741015955853163,1.1408151198009613,8.282343381936775
2020-05-06,14.468575157138044,16.431934381289256,0.9304884024306336,0.014176255343460785,25.946106440901143,0.0,18.393115748778346,14.665165521620294,1.0246014665304402,8.125836625968372
2020-05-07,14.502417908504018,16.226158705077772,0.9431288722454594,0.014057501576159941,25.807366148202046,0.0,18.575701316486974,15.146456928578205,0.969613202143447,7.815099417185905
2020-05-08,13.955406529847439,17.032909051565486,0.9420585837249922,0.015344912327069901,25.386846278981572,0.0,18.487516624741705,15.172850843068312,0.882185911586229,8.124881264157187
2020-05-09,14.772739472592658,16.58308440268626,0.9818497700421147,0.01191124656798344,25.508972982558014,0.0,18.191312462210096,15.025609257628137,0.8005319780379457,8.123988427676784
2020-05-10,17.419366396440648,15.931400666860299,0.974265730152326,0.010363783213437344,25.209901813764247,0.0,17.56529714201434,14.200012295696967,0.7033930692349816,7.985999102622742
2020-05-11,19.378298131556672,14.887511976224719,0.9336832457938036,0.009226736005287327,25.19346709927797,0.0,17.013449928999506,13.703960810627,0.6717379579445267,8.208664113570498
2020-05-12,22.28597589626548,13.32280138069068,0.8583702759779163,0.00921858327959483,24.56246647126699,0.0,16.81268475134424,13.834680141493052,0.6619503321638256,7.651852167518212
2020-05-13,24.66068859797402,13.18438946359442,0.7850614921467786,0.008080510917095354,23.845055175074634,0.0,15.869157121473345,13.5586233976821,0.6483929163482864,7.440551324789312
2020-05-14,25.885763080898673,12.897952417131094,0.7476869395124485,0.010564999998920717,23.936797332603668,0.0,14.993671677393122,13.506164801771563,0.6460579853191133,7.3753407653713845
2020-05-15,25.977284221236825,12.259412103116526,0.745845238100775,0.012342955288262533,24.09114125016662,0.0,14.971621341225388,14.045882462168887,0.692171114998284,7.20429931369843
2020-05-16,24.944520755785362,11.952400068202186,0.7219016605663341,0.012782844899829107,23.93505462020821,0.0,15.715968160128313,14.534645335626987,0.7422287190932693,7.440497835489503
2020-05-17,22.942885979958863,12.647144234909746,1.1081860568944373,0.013361589667354347,23.875224237932457,0.0,15.997444250968645,15.092294381305765,0.7840417118802632,7.539417556482464
2020-05-18,21.17534136600671,13.086951997249772,1.2573522983053589,0.01269195114408656,25.185587375087064,0.0,15.74107728898907,15.041719154723564,0.7836355851263898,7.715642983367983
2020-05-19,18.06387723940281,13.394202303018828,1.2498862849143382,0.011926264059310273,28.362412630728695,0.0,15.468153803712633,14.319593500373793,0.7861284810208256,8.343819492768764
2020-05-20,15.616150806307905,12.499925192721937,1.2295624831580108,0.012344325953099275,32.12166213530954,0.0,15.141829653279354,13.628196493369012,0.7718745385699591,8.978454371331177
2020-05-21,15.1081798031288,12.382017407741703,1.2376958543012664,0.008829173152598981,33.00964736253096,0.0,15.123018246039607,13.314045980392931,0.7619125988695424,9.054653573842584
2020-05-22,14.631789416377515,12.790130933510621,1.2439934687745866,0.005061544459936643,34.80221834860806,0.0,14.298404012467602,12.651087885141612,0.7242389629423106,8.853075427717755
2020-05-23,14.511003352848414,14.892431484265957,1.2300325281360693,0.004114332671250677,34.56616497291792,0.0,12.218046467101043,12.664415835300213,0.6711079088696413,9.24268311788949
2020-05-24,14.894668247398611,15.66644422917519,0.8542886599190818,0.0036581115392539634,34.1702220499865,0.0,11.393063222916624,13.325556291809276,0.6340018634308476,9.058097323824615
2020-05-25,14.975491217670314,15.80030343917967,0.7154794074022576,0.0045247167973370694,32.32345598132915,0.0,10.854426278146425,15.822177456069332,0.6359936632197927,8.868147840185726
2020-05-26,14.631178689262388,16.44116673113758,0.7588197820576925,0.4053797104640508,28.74649961734291,0.0,11.349274869087948,17.77982383286607,0.6529162663243078,9.234940501457055
2020-05-27,14.463869020600312,18.23911546080892,0.8451348746321151,0.4398374066595428,24.69062399224593,0.0,12.174105532129305,19.242516170172102,0.6576822998164857,9.247115242935296
2020-05-28,15.667000926050088,19.459727909985528,0.8426797130218814,0.4482549569513499,23.404669082437977,0.0,11.104267233608514,18.98830401508317,0.6111903348999268,9.473905827961573
2020-05-29,18.178547643728542,19.934992633241826,0.8172915525425861,0.4662698175175915,21.56897680067497,0.0,10.463034009976692,18.58025372836972,0.5617028779471239,9.428930936000949
2020-05-30,18.71065684109872,18.24599711581485,0.8584317908968211,0.5084143878760385,21.794660961612788,0.0,11.584573263448991,18.514212033924498,0.5636332034609314,9.219420401866369
2020-05-31,18.798324615966383,17.279662487410548,0.8790808769229448,0.5244787324119257,22.285049544370587,0.0,12.188678389869436,17.897387344555074,0.5480832956405466,9.599254712852566
2020-06-01,19.079248393358235,17.050546654742583,0.89464783076338,0.5333668977720468,22.95891126362728,0.0,13.490725295926698,15.85651197465816,0.5279565652231855,9.608085123928438
2020-06-02,19.652066959895656,19.882077516556922,0.8671429522489843,0.18438705120191276,22.761308821440938,0.0,13.273836976776144,14.215920502931452,0.5403732628731148,8.62288595607488
2020-06-03,20.118930741132235,19.092024502226913,0.8805925831069984,0.38158096939670944,22.82861219447278,0.0,13.51269062187493,14.320520838426427,0.6136324367540199,8.251415112608992
2020-06-04,18.468963667476782,18.925619127088193,0.931047534977055,0.6239857014645505,22.405729774806407,0.0,14.819298503831204,14.991387309996954,0.6744128401065621,8.159555540252294
2020-06-05,15.76870644386373,18.566818533605385,0.9771439921641848,0.7100903578764394,22.42670265952037,0.0,16.060763170969754,15.905262855194309,0.8797696892717358,8.7047422975341
2020-06-06,14.947771819602055,19.76736865838444,0.9788489826606971,0.6818409104249664,21.753168984190346,0.0,16.360802028050287,15.980968980144748,1.126005880498782,8.403223756043678
2020-06-07,14.560639691215174,20.820032464920157,0.996571160214672,0.674721276164064,20.926226073000738,0.0,16.454668512547872,16.19798459050654,1.4242829750758372,7.9448732563549465
2020-06-08,14.813251853340295,21.94268514673402,0.9962968216734815,0.6702354501798417,19.767855021552865,0.0,16.00976742142965,16.40229575873369,1.6859799907320245,7.711632535624122
2020-06-09,14.22296867634893,19.47710690194106,1.041774759822171,0.621855765717069,20.945731094278624,0.0,16.342159667904266,17.26920710949675,1.8894284573781206,8.189767567112996
2020-06-10,13.513989993213276,20.112267997993058,1.0816888259349466,0.3917133600852497,22.066303881047656,0.0,15.96199063679864,16.726269912932555,2.0151891500449106,8.130586241949695
2020-06-11,13.830375635719493,19.868155664192233,1.0939201409564643,0.14216139562856797,22.51839224492099,0.0,15.628080123973662,16.53294795343501,2.12448670208355,8.261480139090024
2020-06-12,14.235809305066912,19.700502623628033,1.1709380759914982,0.038999063396861336,23.41159073252489,0.0,15.112137048313267,16.180574404749912,2.0954508327866046,8.05399791354202
2020-06-13,14.0752047182787,18.745845110084442,1.208930121280107,0.026251388269102283,24.29546415878705,0.0,15.16557850238502,16.10691962760401,2.0233398389522708,8.352466534359289
2020-06-14,12.95621427360748,17.980764133449252,1.2357802595355154,0.018646412312759687,25.65137911487164,0.0,15.321131175552576,15.98390083938014,1.9651978728840902,8.88698591840654
2020-06-15,12.368385816742107,17.969184336649654,1.293559634109816,0.016965732156140046,26.478451233858753,0.0,15.27892767603478,15.684217806610489,1.8361821631870898,9.074125600651168
2020-06-16,12.006291590297101,18.311078367951417,1.2933657997303374,0.0163204940743489,25.780741755377278,0.0,15.673880871579508,16.039113513318377,1.74409022738908,9.135117380282546
2020-06-17,11.423190304581906,18.093876875948073,1.2707868818482648,0.018962923971445066,24.885954878316632,0.0,16.493035533987257,16.473894138417627,1.7181863177955912,9.622112145133197
2020-06-18,11.154678995342637,19.12737735280004,1.2372592000199985,0.027083469192562798,24.393511945278696,0.0,16.315873539385876,16.43166589348218,1.6648974939405856,9.647652110557415
2020-06-19,11.053200390270893,19.968506485885086,1.1453673615805127,0.04370813801588404,23.464712441190017,0.00011227112128536962,16.36630439261611,16.594825440360637,1.6330386949822826,9.730224383977273
2020-06-20,11.03153089312777,19.828119336185946,1.0993633725136305,0.05287773304105764,23.267324747564466,0.00011227112128536962,16.62979153001646,16.823200460110264,1.623033700110973,9.644645956208128
2020-06-21,10.90598742542015,20.39664774901291,1.079667637500131,0.05435216823695601,22.38194205876302,0.0005180000132397657,16.952419561064414,17.249590139332692,1.6352846327066313,9.343590627949835
2020-06-22,9.85798824800968,19.74207008710548,1.1090011510149718,0.05297095390884925,22.167761718204805,0.0005180000132397657,17.93788893113958,18.024563521720502,1.7037704260936029,9.403466962789269
2020-06-23,11.080759453718795,20.231523308098268,1.1763316738063254,0.050795403254581,22.15043340125023,0.0005180000132397657,17.35960607148074,17.035064656704694,1.6414110386784861,9.273556992994617
2020-06-24,12.533368691154848,20.014018017277184,1.2049599670856128,0.04643365064013346,22.419264482431025,0.0006541893272814287,16.64800136295981,16.652572190763795,1.5529975475168645,8.927729900843419
2020-06-25,12.498121324028473,18.478349311716432,1.2174842583100218,0.03720064338267655,22.830291825654207,0.00087207561242921,17.04792471841783,17.439392226516965,1.4844726171253346,8.965890999235599
2020-06-26,12.700939186449782,17.23881908611005,1.2369212412333555,0.01979464105784221,23.03334206589526,0.0007598044911438404,17.44917219076036,17.98683688454501,1.426310806344064,8.907104093113105
2020-06-27,12.221828282499333,18.003446417940975,1.210885081195133,0.010369490930916412,22.979922054166714,0.0007598044911438404,17.581242017573377,17.611832528568378,1.3598409762001296,9.01987334643387
2020-06-28,12.143806758673561,17.694988311271253,1.196001918995973,0.00894521869060802,23.911115959159186,0.00035407559918944435,17.201097032100794,17.200037555029443,1.306364838333285,9.33728833214668
2020-06-29,12.381185672540315,17.838281017043844,1.1515209078973838,0.007017998875668069,23.857282346702906,0.00035407559918944435,16.807972969274104,16.996083041764663,1.2747903113369932,9.685511658964904
2020-06-30,12.339463952268815,17.243818437255996,1.0632537275100369,0.008881278298827516,23.778441291653333,0.00035407559918944435,17.075229952409423,17.398715674155522,1.3494582154287325,9.742383395420104
2020-07-01,11.93994822347847,17.800056734439178,1.1435850207592537,0.011341831197776778,23.287000544844112,0.00021788628514778132,17.154393365824536,17.444666645183883,1.3886766475718688,9.830113100415755
2020-07-02,11.65861549022246,18.380323852514135,1.3198649275003096,0.02232718588992768,24.568901081745743,0.0,16.449980664636236,16.580850651275348,1.4008752347267086,9.618260911489116
2020-07-03,10.844720785167619,18.255435877834916,1.3607060458487428,0.043445292153254544,27.160475229867522,0.0,15.674321355148518,15.584142094321285,1.3923985883996541,9.684354731258471
2020-07-04,11.61676160854724,17.45657485559635,1.4480280834146837,0.049611147458861846,27.0649836163719,0.0,15.558526784122384,15.759604930321254,1.3852332245402883,9.660675749627016
2020-07-05,12.39266093597247,17.51096737450494,1.4951188397353374,0.051324541194102936,25.839809946801974,0.0,15.827535524002613,15.877727722017527,1.313753841530816,9.691101274240195
2020-07-06,12.395624275861364,17.308453510115168,1.5065283659012436,0.0549682904803794,26.17913987439485,0.00015128203964497126,15.650741614541962,15.52534761978266,1.2563176848251036,10.1227274820576
2020-07-07,11.14249917658803,17.045392169386883,1.5545317633103317,0.054352657580327764,26.731261350054705,0.00015128203964497126,15.857306606032552,15.66619422994282,1.2257851312593573,10.722525633805317
2020-07-08,10.542521088884493,16.218672932760587,1.457453738769196,0.05286511636088005,27.485586845926758,0.00015128203964497126,16.16220543231515,16.02496616681388,1.2467112498371056,10.808866146292278
2020-07-09,10.844959795768398,16.18495371610187,1.302622873556386,0.04202086706496939,26.066597105433015,0.00015128203964497126,16.933371612075764,16.390981248687122,1.269820353481087,10.96452114579171
2020-07-10,11.528332448574252,16.154231216614292,1.2567083151895126,0.022134915103893368,24.341535322122702,0.00015128203964497126,17.255025015813043,17.221676563226566,1.3046180751344605,10.9155868461816
2020-07-11,10.948950526786197,15.735074935830626,1.1634997408948249,0.015619687827128994,27.25184497014252,0.00015128203964497126,16.23928457833731,16.848967274076468,1.2788098132172165,10.517797190848032
2020-07-12,10.299544688148563,16.082268374138245,1.0994550710796402,0.013114682982764017,28.62770498754659,0.00015128203964497126,15.895669083938225,16.573047201184362,1.246693535272058,10.162351093669873
2020-07-13,10.282526101424077,16.018583314720157,1.108925077935148,0.009808252377520388,28.670388328490414,0.0,16.132066674017217,17.056701573042776,1.264158091897955,9.456842586094703
2020-07-14,10.172521485705,16.31165659619125,1.0885363947622528,0.007954947797685805,28.759783963167877,0.0,16.26207906855604,17.131912611213153,1.2721590249919221,8.993395907614792
2020-07-15,9.953128093375199,17.130286085462892,1.0680378235761847,0.007402604278924716,28.300719656268516,0.0,16.04132826771399,17.158889694783905,1.2338248752731555,9.106382899267201
2020-07-16,9.599007559926548,17.69580122347963,1.0492644791244905,0.007428327418166914,28.05063995900696,0.00023074970579412506,16.345943001388452,16.99115947400748,1.2594560912487451,9.001069134693699
2020-07-17,9.503339053540087,18.722150675678137,1.1240355744837875,0.011348589919907932,26.468593413905676,0.00023074970579412506,16.80299992611447,16.827458796212195,1.226332466521073,9.313510753918836
2020-07-18,10.208040942324825,18.81601066477967,1.2202170833563184,0.018862369953711176,23.417023742012535,0.00023074970579412506,17.974201930156397,17.53528659849776,1.2281108335768907,9.582015085636064
2020-07-19,10.569259573741489,18.95632495957822,1.265796731800537,0.018620918715494785,22.35566375695023,0.00042596040646389295,18.213322832439673,17.717553382167527,1.2061923802666035,9.69683950393373
2020-07-20,10.572225050566294,19.414430897824452,1.3568426095803088,0.6518414187691771,21.92069108885323,0.0007356039448225346,17.98814024335426,17.2758329335072,1.127142702546035,9.692117451054187
2020-07-21,10.445245983120413,20.064676556070513,1.3834703821875016,0.761134181202514,21.222883369057662,0.0008908682590278219,17.78107786233404,17.367715000186536,1.0919836321569425,9.880922165424812
2020-07-22,10.721057569504467,19.58321874774788,1.4166048074509126,0.786177090288594,21.01070384439415,0.0012552393272362641,17.90101054394687,17.84398804865648,1.0638783784505004,9.672105730232882
2020-07-23,10.567003327077297,18.384042198386933,1.429332196269517,0.7963589213588166,21.01830365824273,0.001024489621442139,18.32507514907798,18.322811450331876,1.0340989788060042,10.121949630827377
2020-07-24,10.924890744414531,17.992532447223017,1.384123466842566,0.8082194547079746,20.64873432865969,0.001024489621442139,18.58684588218818,18.528426487078274,1.0432023790329572,10.082000320231336
2020-07-25,10.254384637306618,18.203640864218244,1.353809161309663,0.804159167508846,20.29581645944997,0.001211191935804028,19.088604137812663,18.608929819032884,1.0426097903260059,10.346834771099273
2020-07-26,9.684834299773158,18.132561177130658,1.363751590628134,0.8067196487770321,19.894745778615434,0.00101598123513426,19.23825015081787,18.63606912560768,1.0148846232603101,11.227167624154562
2020-07-27,9.434593061574633,17.612546696328486,1.260162305890571,0.17614942089761065,20.878217026120343,0.0007063376967756185,19.51670245554263,18.796883375695277,1.0421739732876751,11.281865346965963
2020-07-28,9.449439770755857,16.415097402522147,1.2558341365641381,0.07863856318713906,21.15225253738202,0.0005510733825703311,20.329538249696935,18.992372847405715,1.0616423232924694,11.264633095810975
2020-07-29,8.745459003427312,17.27413837021898,1.2107509480614673,0.0982390862468256,20.78906008278545,0.00018670231436188897,20.752254009971942,18.934031768193854,1.0737581026013456,11.122121926178423
2020-07-30,8.610477899094255,17.81504888199746,1.1891225695683618,0.09294011430119849,20.661221129510825,0.00018670231436188897,20.84458086698599,18.761856906108644,1.1100865270353097,10.91447840308356
2020-07-31,7.768960915557773,17.142957204482318,1.1864395650167643,0.07919845699409955,21.538653196284855,0.00037604246394060717,21.102139919112883,19.08182429127472,1.147001802978992,10.95244860583362
2020-08-01,7.3635189638987795,16.355999026293926,1.18744036972653,0.07895553501621375,21.962643823692055,0.000430873208208453,21.23696460932917,19.732602724367528,1.2031221208964784,10.878321953571074
2020-08-02,7.077138404046974,15.335290697476054,1.192774813637838,0.08040802489692436,22.34515245028067,0.000430873208208453,21.83386932866562,20.830334750227735,1.315920687754945,9.988679969805
2020-08-03,6.993186593362751,15.476091608221514,1.153595674491211,0.08249453675020132,21.019574722540103,0.000430873208208453,21.88961322246616,20.98114607290089,1.2932335894829337,11.110633106575992
2020-08-04,7.106011502048168,15.06224861868576,1.1279352259468935,0.07366002271457593,20.92402444452495,0.000430873208208453,21.704062174382162,21.271279499256227,1.24769584277623,11.48265179645679
2020-08-05,7.183957685870382,13.987811880618747,1.1319462308573902,0.030543092807791876,22.020787698156834,0.000430873208208453,21.487672144280918,21.15590337589216,1.203986185920556,11.796960832386976
2020-08-06,7.5838353623382,13.41134206997411,1.1364585574392596,0.027598158320208652,22.114900835683923,0.000430873208208453,21.223510318621162,20.985164289371642,1.148512726277053,12.368246808766196
2020-08-07,8.694601959985592,13.57011397599197,1.1083712702385273,0.025471695076442282,21.476030610975016,0.010266714956209759,20.893678431319906,20.576859398104634,1.1640990594747151,12.480506883876947
2020-08-08,9.723620624830284,13.660443185408187,1.0986090368342587,0.023661079496832292,21.115773751408987,0.01656036076542564,20.922576353249067,19.889143477912032,1.1789448551916646,12.370667274903223
2020-08-09,10.736837902230793,14.046434276999166,1.0661323366637168,0.020554301046021843,20.731531810286747,0.027003134366093973,20.57121589805077,18.859670594458887,1.1728828379726983,12.767736907925068
2020-08-10,11.360583289017535,13.436233789923168,1.0755691915251082,0.020407757648691186,21.60262961882621,0.04017920946259982,20.396768008858164,18.56465889959091,1.231497561060255,12.271472674087311
2020-08-11,12.413073122272296,13.733263228224212,1.0554927000678307,0.019596882039609603,22.096299384589933,0.043448737947549367,19.903903303278533,17.788607988916947,1.263993633907252,11.682321018755788
2020-08-12,13.939852378768174,14.131228446657149,1.0588976114213955,0.01855289675915118,21.900528692802492,0.04490742462562915,19.467033023284177,16.759445409735218,1.2710845557391104,11.408469560207454
2020-08-13,15.406272193547853,14.94519732282713,1.1110495918637808,0.01672266457408089,22.618851547074918,0.04605349075364473,18.217294360571568,15.98344094702456,1.3098572530853474,10.345260628677067
2020-08-14,14.875746929832674,14.991540513874074,1.1961251322242046,0.01567234369561946,23.320868657616987,0.03800570719307271,18.28111990121041,15.882032956595618,1.383835742671025,10.015052115086267
2020-08-15,14.464009655287992,15.302437745935844,1.2041319578052347,0.014562029526413275,23.51076367229291,0.03392388621730199,18.212465334071815,15.85678363150031,1.4602551362196796,9.940666951142452
2020-08-16,13.871299438161072,14.766837977892934,1.2531219986057143,0.015973559310593712,24.122401228655946,0.025416682339484263,18.235504344078837,16.5460141173177,1.5400395536524563,9.623391099985216
2020-08-17,13.298555718805115,15.541690943292721,1.3065597584136062,0.012439935150506624,24.21184876619882,0.013504478227028363,17.938230746517387,16.923945189325355,1.6119265838702046,9.141297880199206
2020-08-18,11.965507236387014,15.777863076880303,1.3078696708421196,0.011522768465948999,25.735875048746102,0.012952479507522032,17.752300401004312,16.995713098530455,1.6332251965851483,8.807171023051025
2020-08-19,10.473627701875271,14.714527046964141,1.2637028553572933,0.011173623684535422,28.914523995845425,0.01560478974619456,17.56584351911312,16.886262482514223,1.673389668389471,8.481344316510281
2020-08-20,9.305516089321511,14.190323992656404,1.2100747589784857,0.02053131020535862,29.008747471696996,0.016535046816205243,18.24855695203215,17.365365401150957,1.681723180481783,8.95262579666011
2020-08-21,9.397060536851212,14.058692859675185,1.152813040555335,0.030250984836438483,29.502246600502,0.025266022278781105,17.92707620162317,17.185526356371003,1.543814027884922,9.177253369421909
2020-08-22,9.962957701142257,15.14417252689652,1.1206034161593479,0.039054322226196356,29.712851262117407,0.029676704231084695,16.74203390939579,16.6371375588799,1.3502249744776351,9.261287624473814
2020-08-23,11.974886436496998,14.844762452126194,1.0609128200827527,0.04241306131031753,30.41797989864317,0.034629437543470885,15.922666105947787,15.271309432088932,1.131319867368309,9.29912048839202
2020-08-24,12.719623449076977,14.474338102870997,1.0514516580427673,0.047485903140615834,30.611032479757178,0.04094099805772077,15.935227483182247,14.841061787348934,0.979471360392055,9.299366778130462
2020-08-25,12.948727948453875,14.98134532012344,1.0592779466357496,0.04821389532353472,29.530769001655568,0.04334597023006612,15.92127764129553,14.606251340919943,0.8797404060159476,9.981050529346302
2020-08-26,13.921645225848735,15.870618500907108,1.0827014814196176,0.05295786796447073,26.351644200168817,0.04548631149039234,16.249810709212333,14.92791777258052,0.8049720103187138,10.692245920089249
2020-08-27,13.731373702491904,15.665504424631601,1.0518416449149597,0.04531649223342448,27.62688263979668,0.05025924734565535,15.644778032216337,14.776273176285898,0.7047896353886695,10.702981004694832
2020-08-28,12.652400285061882,14.448546610300241,0.9345504095863696,0.035697716045442654,32.888597199315015,0.04168054160511183,14.038246417315959,13.442251134936928,0.6100130627901886,10.908016623042817
2020-08-29,11.216918005053941,12.264944990399437,0.8553865442035927,0.026784319047372798,38.202143163240855,0.03712476521566515,12.466603740069628,12.691130602512285,0.5618195830129791,11.677144287244207
2020-08-30,8.164812738959258,11.649861312522543,0.7621416712444677,0.021208118545627853,42.49535583822262,0.03366592801368909,11.602036539243619,12.167383215598646,0.49865697247566276,12.604877665173827
2020-08-31,7.040650265662719,11.164336884673817,0.6744934555622025,0.017381987197219968,45.66726348581032,0.030508647573051516,10.068620771462852,11.582500112997707,0.4491660962113307,13.305078292848744
2020-09-01,7.757369055060004,9.920366425461589,0.6545325665934634,0.018269823605404877,47.046958194445395,0.02882790281801898,9.307326426859362,11.47185841128049,0.4279380230539212,13.366553170822305
2020-09-02,7.666335763563983,9.403445685306066,0.6751828971412933,0.01549957152718919,47.45037324115532,0.02771531078688084,9.289357073869235,11.906772337453463,0.4351622973662354,13.13015582183029
2020-09-03,7.896663004062039,9.33570276491831,0.7519958818985454,0.015984708009492792,45.6850257919128,0.021669454949614635,10.313218320976802,12.53416701952993,0.47727025314887866,12.96830280059354
2020-09-04,8.676950657328897,12.50119978518507,0.8770649270352361,0.015996723158972985,39.18925055193669,0.020090593271115405,11.791887400914986,14.044847150207302,0.6062763058675831,12.276435905094104
2020-09-05,9.365862229661131,15.19832909748892,0.9712748950795476,0.015766803182986542,33.42440305847162,0.018687759223625335,13.736820369014952,15.235624160153227,0.7359903760900328,11.297241251633919
2020-09-06,10.298321786659356,17.665078585000995,1.1098906304595493,0.01744834827058542,28.158082565231886,0.01585015295392735,14.994751068038644,16.663912148637728,0.8980750907431488,10.178589624004141
2020-09-07,10.591168914737128,18.93918718339044,1.197065168784471,0.016142584618487024,24.452523833088517,0.011753173530386364,17.096731676840324,17.565452203084327,0.9955517476680212,9.134423514257858
2020-09-08,9.530071163944518,20.422516290016944,1.522878444151962,0.01610053261102488,22.777823625731827,0.008595958320416737,18.135831018994036,18.082082075381503,1.0570051765105823,8.447095714337141
2020-09-09,9.235566071508746,20.395801565810363,1.9042212983202333,0.015484272311220551,23.406211959061032,0.003847870237984326,18.068805970370413,17.783127804038372,1.0699002319515933,8.117032956390004
2020-09-10,9.209844308998113,20.257491071460464,1.864344545154387,0.015487554898488442,24.234625687249263,0.0032755564004001516,17.255709003394074,17.667298662549538,1.0820845265931003,8.409839083302131
2020-09-11,9.479710737596799,18.585440567102612,1.8855018147915064,0.024853916416895553,25.206039443609775,0.0028643230102522307,17.301423857089066,17.928195648393405,1.0597878113364891,8.52618188065316
2020-09-12,9.752071651702858,16.81449917604806,1.9100968849528606,0.026172133948466958,25.691029335182115,0.002133606069768011,17.961402698969895,18.317761747425262,1.0394619489249535,8.485370816775722
2020-09-13,11.248282377408561,16.297012032611764,1.9048713128284442,1.221556187638596,25.15326668792624,0.0015417465062052532,17.500773154098546,17.610089118995393,0.9525927138204692,8.110014668165737
2020-09-14,12.092864939622809,15.29229198149354,1.9200882776139703,2.0753129251814437,24.968310188978908,0.0012205748720839787,16.87638337018711,17.537391120814668,0.9027889495386733,8.333347671696751
2020-09-15,12.149041712153025,13.823346276188653,1.6486458254959508,2.348274270095767,28.113212211775444,0.0010161470459337002,15.685441901397763,16.673173817383205,0.8280541887597256,8.72979364970449
2020-09-16,12.163957745963009,14.225968890641933,1.2596664652028629,2.5540183404079664,28.05074323008314,0.0009494158397413393,15.213491242752797,16.781510395228217,0.7989426311617825,8.950751642718505
2020-09-17,12.531076600033993,14.958604275521969,1.3079574063913724,2.6404364834717926,27.4946835338961,0.000807916220834567,15.02191341702564,16.480776040702242,0.7798811029809393,8.783863223755073
2020-09-18,12.942873892768793,15.300447692371884,1.27435268293868,2.670811245311685,27.171248199797198,0.0006683432304413759,14.588638168720967,16.274546894789076,0.7987619102956428,8.977650969775587
2020-09-19,13.593609719027638,16.071569584230275,1.2349910418901755,2.6888673584374554,27.393717826869835,0.0004936307634838712,13.512295786988732,15.752592942770075,0.7800026127460951,8.971859496276192
2020-09-20,13.16066928600574,16.734029613272725,1.1833413662665766,1.5080851718092332,27.95946829529308,0.0006098588820876925,13.435264172250513,15.890910418878672,0.8014399274550685,9.326181889886263
2020-09-21,13.369068544988233,18.778298362364968,1.1075325869164792,0.6592524088188967,27.633178985592874,0.0006098588820876925,13.036838179159806,15.510611147422859,0.8344038470414115,9.07020607881235
2020-09-22,14.192602049284616,20.69690902679591,1.058027994707899,0.38897822086068784,23.80684930932075,0.0006258639232444285,13.652933300016176,16.592411889820376,0.8887467515485069,8.721915593721791
2020-09-23,14.394615187644012,20.894630408883057,1.043864346300484,0.18474634364939738,22.70331929983522,0.0005207880109271908,14.12015937760911,17.06055201354942,0.979660169220728,8.617932065297612
2020-09-24,14.318853631612152,20.990691927855647,1.0065630086347104,0.11079527367550394,22.205081282587575,0.0005259160303010362,14.231761588875917,17.418545395919075,1.0070604395834621,8.710121535225616
2020-09-25,14.842880173133642,21.628624616993697,1.0668370159572602,0.07430544203163406,21.559666802908367,0.0007331971958015735,14.213882448347192,17.162424541895398,0.9932390157128008,8.457406745824164
2020-09-26,14.683686623458998,20.9360953898833,1.3552598797172182,1.6878607572011968,20.786891249085176,0.0007331971958015735,14.145902468599672,17.076886582415366,1.0196847790960766,8.306999073347162
2020-09-27,14.35947366153609,19.522343655103263,1.7212536459975074,2.5338365939187972,20.500203677228267,0.0009386034946534952,14.493273549511445,17.524319577430443,1.070344531420772,8.27401250435872
2020-09-28,13.951649882880387,17.86125189676155,2.0197555875455735,2.8732459773731933,20.799830296858204,0.001070512213819832,14.954863959755155,17.96633476411443,1.068629819286817,8.503367303210828
2020-09-29,15.547292401310143,15.70464163901939,2.1709600358342356,2.8996688422545565,21.060316800860765,0.000974393026026969,14.872645104694097,17.623554290428448,1.1258810971304734,8.994065395441819
2020-09-30,15.760162603177479,14.761314316902684,2.292784822649898,2.9121962842539935,21.451037687905313,0.0007555420810285886,14.75240114437979,17.62387014408055,1.0977358861696165,9.347741568399604
2020-10-01,14.784983318575877,13.878460760589821,2.342345476958847,2.909996942158252,22.67550303723243,0.0006608243021226167,15.387166022879782,17.70405963995295,1.1081790630589834,9.208644914290897
2020-10-02,13.279322987199949,12.468691579761014,2.310966984712422,2.9160838690354405,24.24315403093117,0.0007051053378919653,15.836823172615823,18.109560142511917,1.1017867351907955,9.732905392703545
2020-10-03,12.45026803283803,12.606952172782858,2.0851519498210265,1.3598085078429623,24.60448423331522,0.0014049051951327944,16.816745157688413,18.75413350247921,1.0858074112540281,10.235244126783085
2020-10-04,11.395367839420926,13.331382990414065,1.7397470525126557,0.5255643838256155,25.948541910627206,0.0023878625056957675,16.707555540360946,18.78848055678137,1.0288964818297337,10.53207538172175
2020-10-05,10.896285000833469,13.652332142215513,1.511487415271959,0.19347480353436705,26.371710503359434,0.003026106369159101,16.752535070985328,19.083127022369972,1.0042921761997716,10.531729758860985
2020-10-06,8.442520895238449,14.569533283795831,1.4541372513486786,0.18519440309335147,26.54792924298228,0.003553884195805196,17.595665640210488,19.74376258495182,0.9532358541675509,10.504466960015703
2020-10-07,7.407039180897381,15.66801981483424,1.4868969763201636,0.19356165700264585,26.21486582856119,0.004255876273824595,18.04364832076133,19.72525573084339,0.9215902199105308,10.334866394595252
2020-10-08,7.3487743736405715,15.87950323589456,1.5426468584079627,0.19425030506937663,25.32341892688265,0.004408080263699986,18.412958020169338,20.055634592385278,0.9282611244839922,10.310144482802519
2020-10-09,7.247327423855777,16.30844564618302,1.5889815485536152,0.19439822633383644,24.285392426234267,0.004534652084471533,19.03032930036414,20.466715237399846,0.9753869309586534,9.898488608032324
2020-10-10,6.946160786429743,15.760921153850477,1.599620088814358,0.1294343963506574,24.279269653043286,0.004470752619793213,20.073718423272744,20.557932622430883,1.0006778531350522,9.647794270052952
2020-10-11,6.718369964631788,16.437476388501747,1.655213211150847,0.118161720218802,23.164313567615,0.0031661608917744966,20.77677946311974,20.79145058651662,1.061959788263181,9.273109149090446
2020-10-12,6.766068092126795,16.130731990676377,1.6536778969347303,0.12215007778035929,22.76741414381606,0.002396008309144826,21.56139994074122,20.791978084336872,1.106565374648046,9.09761839063034
2020-10-13,6.811331911594623,15.968094970195525,1.6247225621745882,0.1165397638172492,22.357122905774695,0.001993173321150048,21.644677696185777,20.508024649437658,1.118677153682038,9.848815213816646
2020-10-14,7.10582810800403,15.851178607909219,1.5049969582344345,0.1115946587030462,22.035524417884783,0.0012911812431306484,22.074548668535787,20.28288527175336,1.1280736951505441,9.904078432581613
2020-10-15,7.326110280072493,16.4894220583553,1.39725019677423,0.11855756702311064,22.496187322928307,0.001138977253255258,21.544606432756687,19.78999418527572,1.0875549568053884,9.749178022755464
2020-10-16,7.705456978833887,16.233702457668688,1.3389444750611748,0.12475778837729178,23.42357670169226,0.013412649702369533,20.689495612064086,19.60746560419638,0.9949726728883849,9.868215059515434
2020-10-17,8.274499952877864,19.153241131712026,1.2634507558441246,0.1204307130411123,23.220853281298126,0.02417398387595967,18.584513804626077,18.94787763304887,0.9044800173196214,9.50647872635618
2020-10-18,9.223690775819406,18.354288730178382,1.275573705279284,0.11583845270620877,23.414668424821766,0.040894669052481125,18.070464245027985,19.05141978044693,0.8437554830930788,9.60940573357443
2020-10-19,9.406304059375232,18.395818830336395,1.281764735735371,0.10691347931769037,23.725399000500637,0.054326220606553614,17.544838917594316,18.948154516438453,0.8088726625496948,9.727607577545612
2020-10-20,9.738043265842762,18.3538103156874,1.2562964598534012,0.09850369187122185,24.449171709591408,0.06841913410292669,17.78975217966156,18.87121633859081,0.7938039333311318,8.580982971467334
2020-10-21,9.726497420231777,18.042592625878697,1.2895431084108566,0.08936182618589796,25.22895430931636,0.08115731478003867,17.401846853958236,19.206436346152604,0.8123345347200857,8.121275660365402
2020-10-22,9.692681227551946,18.452366762155123,1.2964444504575139,0.07600637985948719,25.26135278037272,0.08177403974434572,16.97104985807598,19.148867517522586,0.8080918288887176,8.21136515537154
2020-10-23,9.284997493678059,18.265842586743307,1.2909438154393233,0.12978619854983706,26.108390022388352,0.07629024023357193,16.779354762381555,18.86624863686979,0.816938632825267,8.381207610890895
2020-10-24,9.151970315117167,15.77642271005123,1.3202118330352175,0.17067069109575156,26.798610255791186,0.07201421433592417,17.403178378247276,19.242122092606614,0.8489620613063122,9.215837448413286
2020-10-25,8.583188537036369,16.410679776718126,1.271047890282532,0.19605138953178305,27.087543181819278,0.06390796727092993,17.289633930033183,18.813389966659656,0.849406407888675,9.435150952759429
2020-10-26,8.604987361908211,16.989043028550693,1.2633064974009878,0.20721266063232743,27.071222505437373,0.05740564346096237,16.808035585303795,18.446745485368474,0.8365988506708798,9.715442381266252
2020-10-27,8.714423319959634,17.419987297878887,1.2686893853050627,0.23300780364838083,26.679000437593224,0.052088543690245945,16.403429675697325,18.51745233480133,0.825548333662181,9.886372867763692
2020-10-28,8.69573216829762,17.161877486937325,1.2618510231455609,0.24442922789369018,26.538645254866882,0.04580926822869993,16.560516236726777,18.49548472358311,0.7959268825392316,10.199727727781058
2020-10-29,8.693074216760056,16.676326931184533,1.271523430319593,0.24912881208126664,26.116116439942374,0.0485635851446948,17.173319615311254,18.9151131599296,0.8110574628358591,10.045776346490722
2020-10-30,8.548282020989427,16.640547144716987,1.7507904336354139,0.19231617760389466,25.66263031683309,0.046922204240512515,17.53021143772759,18.87138368298401,0.8097767995233254,9.9471397817457
2020-10-31,7.640984889458297,16.135015679450824,1.6695874818808305,0.14709297613361905,31.479140545322682,0.04251128448443426,15.83099897797341,17.564716286964536,0.7343963269406143,8.755555551390705
2020-11-01,8.838935681954323,16.444719989501277,1.6407351998187214,0.12122903675774994,30.79772930662006,0.03834386899244054,15.999393187203966,17.223731147163733,0.7104744276272236,8.18470815436046
2020-11-02,8.856056623670488,15.627971806246409,1.6317468285431536,0.11688268424122972,30.97086414828927,0.03718229025429385,16.344844197815895,17.822648451753146,0.7286363104161669,7.8631666587699005
2020-11-03,8.566051242496355,15.103568738662386,1.6775515166575368,0.10006167992380588,31.147133646549737,0.032565416246606985,16.5805746528797,18.329086806839264,0.762880660188637,7.70052563955592
2020-11-04,8.321083319626183,14.51446099706584,1.68797897857487,0.08788588116905648,31.00831598487584,0.03171088867268778,17.010825909530425,18.66447191172256,0.7951534171048792,7.878112711657602
2020-11-05,8.001680683091696,13.624065589455578,1.7384927510910875,0.08550038911236817,31.127446637940523,0.02957222380116039,17.222250026409217,18.709575368963346,0.7953013518770355,8.666114978257935
2020-11-06,8.629928489748144,13.578271280239846,1.2772963402240813,0.15103938528922753,30.042415416597713,0.02574779783858175,17.604507224999555,19.094967864910622,0.8055347714305888,8.790291428721583
2020-11-07,9.698870728472087,14.054433879654331,1.3673286905838598,0.16102595526830762,23.82107585354927,0.02404070913482076,19.743956145174177,20.581131391745686,0.8753144067158827,9.672822239701514
2020-11-08,8.523374071578658,14.016175723475417,1.4245582985085137,0.18577548465374066,23.988833696913783,0.021058253751941796,19.754739242386233,21.17867566519671,0.8937309222800688,10.013078641254875
2020-11-09,8.136866409757536,14.736995522529037,1.4574800669653722,0.19139944513435245,23.76214617926907,0.0164946642325425,19.77335580851811,21.052439608851206,0.8735047551050016,9.999317539637719
2020-11-10,7.929593368419602,15.379881353455636,1.4756695363030905,0.19296363980244327,23.86413943590687,0.012952511389613718,19.393958013525285,20.64127358268227,0.8318545194219727,10.27771403909316
2020-11-11,7.718807386918597,16.715341035662313,1.472825230660264,0.19756413153908012,23.61861926521375,0.007667939306187566,18.88599645911958,20.292306708064626,0.7938693628851328,10.297002480630422
2020-11-12,7.551208560834289,17.395073697530776,1.4222287351498555,0.24700195231233676,23.333367188325933,0.006561974479502205,19.079083325714183,20.32426744488231,0.7718803367659185,9.869326784004839
2020-11-13,7.063469520252623,18.80634348054529,1.4195212111493483,0.19848718733542578,22.712854757635373,0.0057805253503678345,19.271220360921014,20.272748880899876,0.7574236506489523,9.492150425261668
2020-11-14,6.685613990322657,18.991792573297538,1.4291767943818845,0.20231856540082246,22.552045465413418,0.00615465972381888,19.605254466805814,20.47980621306482,0.8020374210216693,9.245799850567495
2020-11-15,6.906273980877662,18.95686452427736,1.49327993306409,0.1772460173341351,22.384404584083235,0.006043447454127443,19.51642338632931,20.551050797816764,0.8076092985897436,9.200804030173511
2020-11-16,6.786636695852045,19.217331926700787,1.5225478155621495,0.16934321786491371,22.145059488296372,0.005709089312126788,19.38869838366718,20.846017260687216,0.8306253453833994,9.08803077667375
2020-11-17,6.860355257221402,19.263759811225466,1.4549415465888629,0.16052352999254063,22.278298023951432,0.0062362196165284,19.218148173273388,21.29587444456293,0.8342285481268059,8.627634445440583
2020-11-18,7.3343869544394575,18.424180628284372,1.4638599324726387,0.1580494970045636,22.278300956269316,0.007464516171123159,19.27071849297196,21.86353783395753,0.843736612932667,8.355764575496307
2020-11-19,8.154232592950997,18.014329535390438,1.4001909200295368,0.10746433283521199,22.049078455024524,0.007658623487036357,17.09758522292924,20.5444041488125,0.7988016572750539,11.8262545112654
2020-11-20,8.525518706018296,16.504434668224675,1.3323565955757544,0.08499558684968773,23.08971331093927,0.007019589247930849,15.54793638202267,19.439644674654435,0.754979940648653,14.713400545818567
2020-11-21,8.644155433266333,16.239372694625732,1.3299440762802177,0.08446824564011747,24.066932601681287,0.005929015629044236,14.60932019702532,19.242840878718823,0.7147170769607353,15.062319780172336
2020-11-22,8.850596536738053,14.90880518773076,1.2743407565415146,0.0893911126688358,24.77502036217273,0.005320833803060441,14.612537226080304,19.42029517292276,0.7040945437112424,15.359598267630691
2020-11-23,9.004389693325063,13.83674821604768,1.2641578058343477,0.09732933364041009,25.35045322390381,0.017001354546553844,14.567055840482286,19.496814690998747,0.6900284781497357,15.676021363071317
2020-11-24,8.974776395896502,13.757623287817008,1.3229649163382384,0.22151543731257353,24.99131066275682,0.029023189583186764,14.766140193263094,19.425571423555244,0.6690715300792561,15.842002963398029
2020-11-25,8.53395826494963,13.997717687531075,1.355425712471494,0.2562011835982333,25.253965659318908,0.038481422039236345,14.604725518615192,19.328553670583315,0.6731037339812448,15.95786714691162
2020-11-26,7.8184252273532975,13.873438166413598,1.4424508178660438,0.26593566156833026,26.24456855165167,0.0411872302767382,16.38615239802761,20.852812950558878,0.7271590600244933,12.347869936259285
2020-11-27,7.205860781520353,14.744212874556313,1.5368096102798556,0.4299097433382909,25.721772785157782,0.04225676629777827,17.83530934219796,22.026044652822083,0.8272506513675044,9.63057279246203
2020-11-28,6.56620940409645,15.180013577907255,1.510999578764966,0.44872664394281697,26.77408193062977,0.042057808276649185,16.92234072428402,21.37889598278782,0.8040303964245948,10.372643952885598
2020-11-29,6.228664431184806,16.07665987160939,1.5809570254306788,0.46432530755035983,26.645845528941575,0.0419540410975383,16.785672126844666,21.128112311613542,0.8346794538650926,10.213129901862292
2020-11-30,6.224213567559013,17.622739202927956,1.5843675867736648,0.5322386113107384,25.996990654423005,0.04604786684191947,16.465007756783447,20.541604539385016,0.8457600142075546,10.141030199787625
2020-12-01,6.258088100764588,18.26381741154932,1.5867617271524972,0.4349158771370603,25.927009195395005,0.0443406487399868,16.208685237449533,20.129692076623574,0.8841843401310767,10.262505385057304
2020-12-02,6.012166311687726,17.728028366472426,1.4667100082371836,0.40798288718292747,29.391490133452013,0.04069802320009806,15.28189141561358,19.064088304776085,0.8458889393890573,9.761055609988848
2020-12-03,7.250384993893576,17.76271975087183,1.4399839020378689,0.4064319360043277,28.951239318966735,0.04730501624541828,14.904732795844508,18.64020032062115,0.8518421304303809,9.74515983508415
2020-12-04,8.575329673004017,17.250081079715027,1.4611198542346888,0.2560625423221338,28.750447575521694,0.05691142924225212,14.137854419200568,18.65220000469794,0.7882461983989316,10.071747223662681
2020-12-05,8.922662257401905,18.253083216971582,1.4935408827392005,0.23730608361561314,26.6338295606405,0.06752799202034271,14.981263655693727,19.361516482521633,0.8128659527963287,9.2364039155991
2020-12-06,8.807309086358718,17.55157026551026,2.5080452269269027,0.23753242407841915,26.447040807158594,0.08111086793838837,15.011897630382842,19.371010874418577,0.7842445237525553,9.20023829347468
2020-12-07,8.786043667113317,15.835650632135156,2.8759295209415634,0.16722960541425522,27.330175219947186,0.0790038723743095,15.16383414925373,19.802941730819697,0.769840551304188,9.189351050696535
2020-12-08,8.482785507823015,15.789263329650083,2.8466474674968962,0.15201165086633037,27.106962507235437,0.07807758320280357,15.476733986074787,20.209393522243204,0.7270388266588944,9.131085618748488
2020-12-09,8.708657294307473,17.36405384933142,2.903810442112289,0.1486510793766451,23.20374760174639,0.08371360266051088,16.503619339095145,20.93666927801289,0.7140756531575532,9.433001860199623
2020-12-10,7.404899266834719,17.573058645239236,2.9072378861507224,0.14465190803170516,23.341902568196023,0.07935950542773076,16.727091490943817,21.44993823827782,0.6659303674727945,9.70593012342537
2020-12-11,6.0985706420457415,17.92139884335564,2.8493820160335614,0.1394656102233813,23.66138638742816,0.07236397923983562,17.439872972599865,21.49853645315722,0.6441575960899402,9.674865499826597
2020-12-12,5.990030885935732,16.299273146582088,2.850343968964414,0.13647236071529226,24.566929224042315,0.06416993722588596,18.154008457677964,21.558455332104682,0.6170970144596589,9.76321967229191
2020-12-13,5.557465696531521,15.702584257549834,1.774766771958405,0.12376013974480342,25.280342928394496,0.05445475019027284,18.543959056985365,22.297886893706657,0.6027855542301187,10.061993950708466
2020-12-14,5.078940707361144,15.070969255003371,1.3283562735333914,0.1170934767884554,26.56241550176039,0.04116902571974878,18.394020765439773,21.830547621667986,0.5533808942194984,11.023106478506175
2020-12-15,5.291974373614693,13.580881018168883,1.3209202614104247,0.10786534710449122,27.778776801677825,0.03219349942000427,18.348097574410694,21.394546267348684,0.5441260721088552,11.60061878473538
2020-12-16,5.424882248568758,12.43031074299809,1.3491362621359826,0.10396365536243249,28.66757882209352,0.02121518691684071,18.11157881863037,21.367751096848615,0.5627138024196624,11.960869364025667
2020-12-17,5.4686524310324645,11.82851524797375,1.3340166764023944,0.11478107094897792,29.194725937536788,0.02642378972146703,17.869047650038706,20.974935596379435,0.5684756568710098,12.620425943094942
2020-12-18,6.750651872670175,11.387153883727377,1.3129780407799652,0.11705809640244288,29.317893033510018,0.03563918449738528,17.66384599836746,20.351765530892504,0.5715607024277037,12.49145365672491
2020-12-19,7.486991885064592,11.83978141853554,1.3142107626573496,0.11619057856952808,29.02665982455549,0.04570082503757026,17.45460446262086,19.794247863599747,0.5571406536122293,12.364471725747032
2020-12-20,8.178745611916664,11.982608708364012,1.2854180317885586,0.10709710138032671,29.012514463073366,0.05782669015433641,17.63875750196458,19.17831177507718,0.5306984165541184,12.028021699726805
2020-12-21,8.705931912259757,12.413142354308064,1.3313401013592407,0.10767255805884772,28.004030359292525,0.07300564643333339,18.041360701402283,19.334594489064074,0.5288527303446557,11.460069147477165
2020-12-22,8.730992512781283,13.088269405615863,1.3239072540537795,0.10351426637527647,28.145082799946074,0.086757572296248,16.974732668744213,19.29134290990144,0.5426100903408424,11.712790519944928
2020-12-23,9.215167535303772,13.579424761115245,1.264451205555402,0.101971250825411,27.94778886856059,0.0969334925808144,16.311386717922467,18.845304831988848,0.5135675234078781,12.12400381273952
2020-12-24,9.636342220363035,14.313027771563805,1.2941344814748967,0.0959322717146367,27.49796539115521,0.09380213867468441,15.792658370758952,18.74900255355289,0.517052872882236,12.010081927859602
2020-12-25,8.52184915105278,14.62426473305938,1.3369426981605248,0.10112147568814203,27.738310238732588,0.09333322738853898,15.47679642054054,19.56383950421362,0.5281875845304644,12.015354966633366
2020-12-26,7.593878413421718,14.799449605180566,1.381142912176482,0.09816193097483439,27.352084280603794,0.0892523899146348,16.180545900432815,19.794381334892755,0.5425397321332307,12.168563500269114
2020-12-27,7.416397347909539,16.080866926159057,1.4331041399801825,0.10113282950127647,26.830870761222652,0.0818545968273444,15.699326376820343,19.54458352479375,0.5583943348204898,12.2534691619653
2020-12-28,7.932883586665748,16.83976150173539,1.3629878673585727,0.09909411036549708,27.441100309277648,0.07390831916885279,14.281593546635493,19.05709217626501,0.5660563734288834,12.34552220909885
2020-12-29,8.68143403383752,17.61268456644996,1.3276584659343018,0.10645067747843422,27.242396786600118,0.06882687520523395,13.681400005238638,18.652243720851363,0.5521339984822919,12.074770869922089
2020-12-30,9.499296713074093,17.308942254211377,1.9729680010997497,0.11307085060135649,27.017296937817537,0.06517393614287079,13.290263512299669,18.54777767897577,0.5657926123691506,11.619417503408373
2020-12-31,9.76363340313289,18.168742753092978,2.1214659346685028,0.10861661216571981,27.129699635338337,0.0649857833078072,12.257042868478033,18.675999089119696,0.5871819046069867,11.122632016088989
2021-01-01,10.378532433712296,19.43795558445632,2.1274595323969794,0.10020701411375785,26.735344406215386,0.06134219563975651,11.09051718331935,18.616315110146616,0.5909350847755256,10.861391455223949
2021-01-02,11.137798060367684,19.454090743360126,2.1052627274555316,0.10107136876617559,26.66517886025394,0.06064092500475856,10.55268809632708,18.76507507798466,0.5902145573095441,10.567979583170441
2021-01-03,11.278585274530778,20.53998880511651,2.0531304645262103,0.10047254326641306,26.095159258352485,0.05970673370985491,10.14278507217416,18.63581132311905,0.5812600476484057,10.513100477556069
2021-01-04,10.628744051811339,20.51540787753361,2.1504160957100313,0.10574282524706592,24.939751542520217,0.060769140967250994,11.461750486147949,19.47578535405982,0.6044432769558185,10.057189349046837
2021-01-05,9.667731354762736,20.00837904536289,2.1807597239710965,0.10301746453730647,23.946288843002783,0.058929306797416516,13.585423137461957,19.81361178955094,0.6225689265578092,10.013290407995004
2021-01-06,8.883430023420162,21.068603358317578,1.539966671096811,0.09464266265802346,24.03168593889412,0.056722199668959514,14.274170198812081,19.613786253001003,0.6136429906710928,9.823349703460112
2021-01-07,8.413137244124837,19.533016025152115,1.4191526893159596,0.09571355269199056,23.690071370661453,0.05726345408455947,16.644008398671932,19.866914242840636,0.6020307757498343,9.678692246706628
2021-01-08,7.578168914153613,18.653700944681663,1.4581274704603129,0.11009882158525819,23.395689012642375,0.056075559097440476,18.4582971381489,19.87796148101444,0.6038560262853825,9.808024631930559
2021-01-09,7.325840898214848,20.115605045225614,1.4265103722320993,0.1142284860207704,23.16539378262359,0.05453934089352132,17.67585489114614,19.844350025672984,0.5983691438288842,9.679308014141489
2021-01-10,7.491578078121072,18.513553530788954,1.452842043599991,0.11355563798448873,23.502906229311602,0.053839097229649704,18.220436298455095,20.564151082770657,0.6070771189164111,9.480060882822025
2021-01-11,8.008725791505446,18.865311503159113,1.418249676030324,0.10946037377629138,22.98056553257114,0.05099609484544224,18.4996700277968,20.138989757012535,0.6013146494717744,9.326716593831078
2021-01-12,8.753747019374575,18.77809722386679,1.4284403162767614,0.11012586630237411,22.767389778386274,0.04930871482579684,18.38253615676589,20.203062934512765,0.5772082142876952,8.950083775401025
2021-01-13,8.264639128657254,18.6384947384939,1.4368835148796033,0.11074134402062345,21.957021171234086,0.04839505223933157,19.5395616312445,20.520759694626317,0.5705460864631412,8.912957638141197
2021-01-14,8.377089495764698,19.333965076443217,1.3981955229196443,0.10493916809434618,21.583983222071332,0.04659124712633128,19.353896879818524,20.402847439988186,0.5610259712669028,8.837465976506774
2021-01-15,8.610803879244788,19.380482644409692,1.3405559355712195,0.12334613035781958,21.627460148695626,0.045068773391737725,19.269376956507852,20.23933382347933,0.5450078972348686,8.81856381110702
2021-01-16,8.239449386194538,18.21492495479048,1.326101655969012,0.13861053792056371,22.545552474218862,0.04445285310025505,19.57357579386099,20.165924066282596,0.5361935206574066,9.215214757005254
2021-01-17,7.618935283163981,17.651081360050597,1.2769014856736767,0.14753966366775764,22.196949495619414,0.043535942444108015,21.384379343182253,19.833670828763392,0.5225125571287041,9.324494040306066
2021-01-18,7.450238540633909,17.893220497383744,1.2468899591500862,0.14782695849231273,22.35119598962506,0.04070539784851244,21.536879264499927,19.708138821128795,0.488654494556586,9.136250076681021
2021-01-19,6.937376592115861,17.39295146925275,1.5765986463221628,0.14714246076812687,22.883291417257112,0.03908651777070461,21.7086819282548,20.019160875564324,0.4864886487676893,8.809221443926416
2021-01-20,6.923639186477351,16.712514149822173,1.6287672880360284,0.14913480395703155,23.068493728640863,0.03932053994334798,22.060306700943414,20.331524618066886,0.4946354885783171,8.591663495534538
2021-01-21,6.883331812768726,16.814495131227883,1.61143204371881,0.15053456439505103,23.511999875618248,0.034833487832662186,21.940049482423394,20.164865203423904,0.47431404626288376,8.414144352328394
2021-01-22,7.261832373953361,16.289447711654624,1.628074717530643,0.11557913844981704,23.656052250347642,0.029330225568836556,22.03137879401183,20.2271784138245,0.45552578507557934,8.305600589583118
2021-01-23,7.500321810205257,16.468710486758518,1.627557399028086,0.09788860612633069,23.08332275211665,0.024965200026859227,21.902194238452278,20.96275783678613,0.442506761614134,7.889774908885712
2021-01-24,7.827214144224793,16.92190616625495,1.6583604532456389,0.08750346649650856,23.102719501252654,0.019201176519432817,20.83982619048224,21.29010565311113,0.43667554903717637,7.816487699375432
2021-01-25,9.027958183115668,15.695722263513655,1.6508202255080389,0.08534078505114917,22.73273277478646,0.01635159597908236,20.605180385811625,21.803808659518296,0.44111077347752564,7.940974353238453
2021-01-26,9.17128314883063,16.040322391736172,1.3140015698290513,0.08086509306324678,22.311347666034017,0.01226290587577393,20.577801036651262,21.91061821210166,0.43799579621844087,8.1435021796597
2021-01-27,9.412934304146859,16.004826920702495,1.276710759303766,0.08232092100742931,22.449929180783517,0.007562615432656293,19.949844355825526,21.824323820387814,0.43298326439199103,8.558563858017903
2021-01-28,9.293832631966712,16.40379814160587,1.3193774378406986,0.08377621148689486,22.02832526794148,0.013811050527258145,20.073254942974167,21.757432730729555,0.44184837399736754,8.584543210929963
2021-01-29,8.797089653374352,17.18074516549826,1.3135336706092477,0.07835041085227122,22.625723596958583,0.019625069790942553,19.64599340667009,21.288796618761076,0.4406497211996257,8.609492686285519
2021-01-30,8.83625342597655,16.943405710955087,1.3553435720233136,0.07706642413483285,23.771771306513454,0.025158950670083273,19.16817426002408,20.66063148005042,0.4445232406074207,8.717671629044723
2021-01-31,8.754687758413867,16.26637366496771,1.3610144066586023,0.07376978014826806,25.080427873641355,0.03152725760707241,18.930408983346446,20.32568157476926,0.4419624727690942,8.73414622767829
2021-02-01,7.464075536823377,16.828734095142664,1.4398687996857766,0.07479723585996388,25.96518539752189,0.035423487058098765,18.957911795959944,20.031053402457047,0.4382863398198373,8.764663909671365
2021-02-02,7.250656412293043,16.49069923165865,1.4844687032178439,0.07506273634375006,26.466210692507833,0.037927382396713616,18.984680201616836,20.000225016388374,0.4577294083488993,8.75234021522802
2021-02-03,6.806271094333559,16.09618123516102,1.4796008954233488,0.07055896900693324,27.664209234043234,0.041952603812242924,18.72637769147962,20.112286485414554,0.46986462628230946,8.532697165043135
2021-02-04,6.639473912146032,16.38999771483909,1.4307302975697982,0.06766499689872105,27.673235510260817,0.03803852943781944,18.60777759796443,20.412864709034263,0.4816760370944392,8.258540694754538
2021-02-05,6.818236886043491,16.433066595919268,1.3922507979237064,0.0721029718924947,27.13002222141221,0.036619695499275344,18.707465493573363,20.692281897813213,0.5280855585043219,8.189867881418602
2021-02-06,7.080488701320499,16.300507465841097,1.4853888516411824,0.0777511101472954,26.0207006096354,0.031428027011845876,19.506391650116456,20.654880091406763,0.5797442829285389,8.26271920995087
2021-02-07,8.238973200524814,17.37734212952303,1.4455425026102868,0.08012494338091783,24.714765114493595,0.024919623226423545,19.2640959939398,20.1286859855473,0.6246746097131692,8.10087589704061
2021-02-08,8.586558368503777,17.07555306397771,1.3941474661570077,0.07799368112201839,24.391430954716476,0.020552159181435176,19.36806749093236,20.318742408049285,0.6907377653841763,8.076216641975694
2021-02-09,9.131149548608269,17.57797531034905,1.3336847715400257,0.0992231599507792,24.53272139806058,0.017821813113569413,18.588275862676287,20.025040111154528,0.6872282990554419,8.006879725491412
2021-02-10,9.265828366685243,16.75150728143971,1.2510373731723214,0.10312143500597079,26.187039030263467,0.013446489195490892,17.703760672516744,19.50456909263828,0.6663765732268587,8.553313685855864
2021-02-11,10.12708506959076,15.771966899845884,1.2707961111786796,0.10852252336692811,26.93818925470992,0.016263790782796262,17.118093627242608,19.179336848254174,0.6761203518678548,8.79362552316035
2021-02-12,10.362188908492941,15.319591355415469,1.3193333750683542,0.11067734500261568,26.837326176023417,0.019208290071395358,17.20085658414541,19.19462292119864,0.6786430692148574,8.95755197536685
2021-02-13,10.079433982144309,15.999819050002994,1.185794419824159,0.10771837691848252,26.959744783172926,0.023614890955882598,16.84935791023378,19.19071592661607,0.6707683920546688,8.933032268076683
2021-02-14,8.803194440978297,15.05587683860148,1.2554050494128137,0.11145364541754874,27.58164145821627,0.03057762939931554,17.142286934946252,19.716990185433442,0.6607276006967285,9.641846216897807
2021-02-15,8.008415456944988,15.996697289830427,1.24200379422315,0.1108615648736948,27.468365509314513,0.037528763760785,17.208464801695097,19.45170675658617,0.6313936201948834,9.84456244257625
2021-02-16,7.44715383369864,15.951390921023906,1.2738375676056342,0.09140528169047427,27.090437103534946,0.04470748335280782,17.899768761222695,19.49981986803243,0.6624946463802075,10.03898453345822
2021-02-17,7.730496635989193,17.0763232036518,1.367392045572615,0.08551956140343406,24.2496117432319,0.05332066563640259,19.274734285443905,19.827494024600163,0.7006213979689406,9.634486436501613
2021-02-18,7.003518314058406,18.203633045224237,1.3586386908708674,0.07748803420983633,23.29430022076924,0.053661664097179276,19.867460643847902,19.64677817206007,0.6920606918678536,9.802460522994364
2021-02-19,6.596915835520993,18.10603298718312,1.3390037037081632,0.070079670687046,23.025732362257465,0.05353511326723276,20.536258250760905,19.72613470991538,0.6930788175686725,9.853228549130986
2021-02-20,6.6404985123052285,18.011870533948958,1.6918752928200333,0.06508082041082469,22.72372410416826,0.05442878605458268,20.62209454328262,19.78157855169599,0.6929344027219575,9.715914452591505
2021-02-21,6.671985278486963,18.686731900612312,1.8677143186753167,0.058035050816157834,22.072037824914325,0.05609472574911586,21.288550606977104,19.52961249092684,0.6930691243173034,9.076168678524521
2021-02-22,6.803652732879215,18.362256479727233,1.8944785344741395,0.058965312220464874,21.983082445879997,0.055771643758034964,21.517012870535574,19.73348180498121,0.7035931337314978,8.887705041812596
2021-02-23,6.939957522689931,18.460165523878203,1.8832263798256936,0.05189463562547029,21.7746603126052,0.052050580518958854,21.397935713253418,19.84222631247641,0.695588772312907,8.90229424681377
2021-02-24,6.765712299656229,18.696234020516805,1.8701159222740913,0.05180349012572249,21.519785517109025,0.04845422760359767,21.33509059630677,19.897614117957268,0.6857100653417756,9.129479743108673
2021-02-25,7.260784005990327,17.19892255687365,1.8280454663290304,0.053803751242125206,23.65471992803801,0.04700255300804642,20.54872443449275,19.98394392097257,0.6871709795663209,8.73688240348712
2021-02-26,7.465636249516974,16.7323914246228,1.7920811438769018,0.060333669992815135,25.08569067019687,0.04651556312261538,19.849577066604663,20.034823947957726,0.6853119927538656,8.247638271354726
2021-02-27,7.749950938433183,16.778357267662354,1.4196479376744606,0.0624489165076142,25.63214419214592,0.04765194334988847,19.5079220132873,20.010436299141343,0.6638495510645696,8.127590940733326
2021-02-28,9.713363997704537,15.887799755028315,1.1383831912908662,0.06425724072452106,25.95971891915482,0.04653655908431886,18.843420040321174,19.929454289063326,0.6327850793802432,7.784280928247836
2021-03-01,14.465549145331911,14.79681291125831,1.0397839346879618,0.05886996723500243,25.055024009541143,0.04343209203561422,17.74090075770303,18.88588284492535,0.5868337511524931,7.326910586129138
2021-03-02,14.422526663590215,15.602392986687112,1.0094857737985983,0.0616874742972743,24.97426737499444,0.04266938616279553,17.47354477319958,18.783831504706477,0.570309988542901,7.059284074020562
2021-03-03,14.199885481355397,15.824191920907461,0.9839205467515734,0.07107311884698382,25.45477565738077,0.04184069827884475,17.322205791865773,18.865120976937924,0.5761467100613684,6.660839097613866
2021-03-04,21.079867446741392,14.902719287103054,0.9351474234130094,0.0668107053608606,22.53427601817254,0.0378167242624534,16.179560524142225,17.515478519484994,0.5418452900141285,6.206478061305299
2021-03-05,21.115807259705885,15.07129962806819,0.9264129048025043,0.05849976787468182,22.819015547710773,0.036139264473875235,15.808610129979654,17.436408654837035,0.5138096094502611,6.213997233097096
2021-03-06,21.631566277836914,14.198470166612527,0.9167805576835867,0.055995195980189684,22.857338403860105,0.032751134775585854,16.1685915529733,17.294509593520168,0.48827153662631045,6.355725580131269
2021-03-07,19.41919015196049,14.667659174911122,0.9578931365929562,0.05837010994293608,23.614879970685035,0.033591248251227286,16.317515868814947,17.655953723410935,0.4810982505534352,6.793848364876873
2021-03-08,15.478052416119754,15.616452485156922,1.0148575641845399,0.06116995111493272,24.590616501859394,0.036651236458328164,16.82521608086905,18.586208339589547,0.49357731388990583,7.297198110757589
2021-03-09,16.12427095115625,15.607119574371833,1.0181734436328844,0.060552125103741625,24.9363566436314,0.0369926318592789,16.346664923226914,18.215292306919988,0.46376785179347507,7.1908095483041965
2021-03-10,18.208141956917892,15.751644692833041,1.0503529828332423,0.05576991685102817,24.668223230265646,0.036247935739200106,15.506727743481363,17.37830798251962,0.43094001663120324,6.913643541927726
2021-03-11,12.616328781575541,16.975199091363624,1.1278045244922699,0.05822361750601255,26.824479451548857,0.035307272078604256,16.44242369648737,18.17034302940938,0.4422480227076843,7.307642512830617
2021-03-12,13.710621902775245,17.642537568764226,1.1234445086541824,0.05993550718743893,26.004222325872465,0.03440249233079517,16.190437804682453,17.565526547671357,0.449529634303544,7.219341707758255
2021-03-13,14.336123049919653,18.158764836183973,1.1265251930749831,0.059048265725109114,25.86928351234778,0.03450322510808694,15.50687086542142,17.439337503179193,0.4616962163325159,7.007847332707241
2021-03-14,14.424536232373654,20.99701265805032,1.1088941944566288,0.054101141567070674,24.685665270945094,0.030709226420749285,14.896023165081447,16.54750735881301,0.4772336145319221,6.7783171377600615
2021-03-15,13.702892153107827,21.910353628983895,1.161324288394405,0.05637246406378795,24.481180848668718,0.02913684990337537,15.215293455936846,16.248300838848042,0.4973858040864764,6.697759668006582
2021-03-16,13.050934156860734,23.062066388342803,1.1773911386016498,0.055642068338281246,23.797455076284724,0.03033525479050444,15.3607737865531,16.07573270283384,0.5439588309065672,6.845710596487751
2021-03-17,11.313631203773392,24.546524236551768,1.144517851777655,0.04968933077714732,23.133029223595823,0.03254568162801341,15.886599443066924,16.218121035704307,0.5935579972077963,7.081783995917123
2021-03-18,10.284968214507147,26.13234738157496,1.12430801335975,0.04860893867955869,21.83177903757417,0.03376968104309162,16.089741589945852,16.400172015096384,0.652988499695896,7.401316628523143
2021-03-19,9.380009418909909,26.18715098630559,1.169271062639742,0.0547151186589284,21.086770154542517,0.035153494522353966,16.8897027753208,16.762130283100152,0.7708580847816354,7.664238621218321
2021-03-20,7.779657002860978,26.251511754721953,1.204852370578259,0.05866796971168832,20.792268394200203,0.03574736435859597,17.351689073208195,16.83333787364567,1.0372985309194491,8.654969665794946
2021-03-21,7.641327326123744,24.15276079357076,1.2066710036151842,0.06351020128717458,21.263716308150805,0.035550552341070914,17.954671572540352,17.437360659124106,1.3987622127593629,8.845669370487382
2021-03-22,7.861884745104921,24.356359942282666,1.1503909147086215,0.06275320960311649,20.99902325007843,0.03293007227114701,18.04729384843629,17.153543480380133,1.677692336621997,8.658128200512616
2021-03-23,8.051029946984327,22.47262618432839,1.3748092228994413,0.0641752921686219,21.838683844217577,0.03362751326571701,18.567431484217373,17.442707365966605,1.7056791337736859,8.4492300121782
2021-03-24,7.60730116786215,19.957267562044088,1.8808473022619334,0.0756367747649516,23.54447067277069,0.030271148244453917,18.210737801384596,18.62709948195947,1.6888798665564735,8.377488222151138
2021-03-25,6.924048373751128,18.535835116568986,1.9777638578711865,0.07725417487804888,24.151787769672495,0.029084225810918133,18.845045374401604,19.18170600368643,1.6806691715397568,8.59680593181939
2021-03-26,6.601573911907708,19.35762014873847,1.9526852416565552,0.07207742555129151,24.884637477886084,0.023505239921370248,18.271550896199976,19.013183852552523,1.5911558425877446,8.232009962998225
2021-03-27,6.809489249744603,19.848159730166582,1.9533697811471613,0.0693702891848467,24.798141264524425,0.018709085283230117,18.63602169631367,19.05792810289534,1.3762955680675866,7.432515232672495
2021-03-28,7.237668532114155,20.494198689192896,2.0258162964699284,0.06658537886466538,24.284131254021386,0.01474697765192924,18.536879601029373,18.950548218519284,1.0711436240566914,7.318281428079638
2021-03-29,7.262225080292786,20.26461147582165,2.1014115210315376,0.06740838615307111,24.335542113985838,0.012290002133004125,18.53267574230474,19.221164931808428,0.8377492952297887,7.364921451239111
2021-03-30,7.1745677087989135,20.79799648101828,1.8852316056943519,0.0878563221864522,23.656196562741137,0.00723038131496409,18.644324916519135,19.211772820407173,0.8217841420684898,7.713039059251053
2021-03-31,7.591510439697262,21.547614812250156,1.4245352156304847,0.0806123782996205,22.49876425294338,0.005231956351244714,19.644418687941286,18.511338180860957,0.847103111171626,7.848870964853924
2021-04-01,7.613253823719403,21.39283493891379,1.4135039077296383,0.08147951019249948,22.12165389039426,0.0052461285647225925,20.06476655156612,18.761845627661103,0.8993579853577903,7.646057635900619
2021-04-02,8.102925449345083,20.77330231557797,1.460702036433051,0.07991099020370036,21.379857061413812,0.005221909005966405,19.89916083840863,19.2428743318653,0.9056031469946888,8.15044192075175
2021-04-03,8.335680757559372,20.54892887691168,1.4754832034315764,0.07919328945499972,21.58949098891508,0.0054985024653005825,19.15189510646412,19.72085003819782,0.8738388184069191,8.219140418193081
2021-04-04,8.198892458069821,20.10594048797959,1.4377445998211205,0.07818314072490305,21.858751295479408,0.00479012868134363,19.301020857935594,19.992957897353733,0.8295055326477966,8.192213601306632
2021-04-05,8.245371123572413,19.626600534388313,1.3904656646494349,0.08063327356404007,22.137076610293406,0.004730160555401716,19.32200059746942,20.333781489589466,0.7943105935780468,8.065029952339996
2021-04-06,8.406028280642099,19.486803982519827,1.4088975997218338,0.06015656380183646,22.445059031644174,0.0043371358526742045,19.105989889839673,20.469459806391832,0.768297247143199,7.84497046244279
2021-04-07,8.603686424391384,19.81363655478532,1.3845895072147016,0.05894389902540847,22.136090655335984,0.003430796918166256,19.049458672770925,20.3910393285743,0.7292906841609054,7.829833476822854
2021-04-08,8.934249363879806,20.34686790010165,1.3480494764292879,0.05750420433399395,22.1514957147838,0.0053580688231794965,18.746299179361024,20.009672486912933,0.6710479901184242,7.729455615255854
2021-04-09,8.6899370563879,20.472815250505565,1.3244681645690564,0.057984702822236896,22.554406751786413,0.007545696355953283,19.210105438211915,19.487328107240014,0.646359990269868,7.549048841851031
2021-04-10,8.82856775002655,20.678598651369178,1.3307697663128089,0.058294590867445595,22.59919514018016,0.011621559322044825,19.40280219258617,19.011769935104244,0.659537718597695,7.418842695633653
2021-04-11,9.116065354196692,20.708191274226895,1.3441507888552784,0.05859075330796143,22.340789394421584,0.014172280436933981,19.537246098600267,18.7671634336295,0.6648976017063569,7.448733020618483
2021-04-12,9.024903647331694,20.104406635341018,1.3498511089573924,0.05558027714196802,22.79972412217074,0.01874292429067606,19.381014664409435,18.62216033036076,0.6527543095963422,7.99086198039993
2021-04-13,9.054047569342648,20.624691813407697,1.316924971893304,0.07341230370370778,22.547103902487855,0.021385115347494602,19.117539818398235,18.255051423432594,0.6485860912989463,8.341256990687477
2021-04-14,9.153215832327172,21.36715096272179,1.31714816941669,0.07761150293331828,22.468062959460177,0.025543200867084077,18.797181090841555,17.846583301253194,0.6446139015960413,8.302889078582933
2021-04-15,9.019448417913798,22.00932792958775,1.3313997110659261,0.09536072875238398,22.01450048387422,0.024290995294479284,18.75224462623705,17.623104922127972,0.6200869296764159,8.51023525546996
2021-04-16,8.95131123899825,22.216842456064462,1.3852646563702962,0.09830913099257366,21.115968176700186,0.021711063068681924,19.372017562301203,17.630097790164672,0.5979589985602372,8.61051892677939
2021-04-17,8.709081609865729,22.648947017376276,1.383750381408122,0.09723796787561187,20.485011549698957,0.017089938675273395,19.899933386983314,17.561985051710757,0.5540273526330562,8.642935743772865
2021-04-18,9.275220338741475,23.381274844636426,1.3730259779380554,0.09915571243537777,20.039274114615132,0.014648729901734731,19.500453969359523,17.23822521987642,0.5106219366996687,8.568099155796144
2021-04-19,9.260619771909676,22.94603632503524,1.3295636283843517,0.09544802930017003,22.40786458307505,0.010034977125742249,18.5714053227226,16.78625448935807,0.45020503132637746,8.142567841762673
2021-04-20,9.116565256062207,21.200514303344352,1.2664687180396377,0.07596981346996577,25.46203020980233,0.007519499758642654,17.866216630299345,16.70729010153551,0.39492541676777054,7.90250005092019
2021-04-21,9.20447078362899,19.577241106154588,1.2473906221702633,0.07153709396718275,27.187139344743667,0.0036779881495640665,17.522578438244366,16.859669516392547,0.3657573671847123,7.9605377393640655
2021-04-22,9.07899462222527,18.836670486962635,1.2488034179560679,0.05773849883812895,27.577604426149435,0.003357500107772038,17.770900429603756,17.068833628989026,0.36104836632844883,7.996048622839415
2021-04-23,9.132404463952744,18.636952077171276,1.2162819680882042,0.07202641687399249,27.601856732265606,0.010512523523292154,17.76259324020152,17.266111004438184,0.37610926401860995,7.925152309466525
2021-04-24,8.797574886400344,17.92647716760388,1.21459353440791,0.08209990471251748,27.75820740180489,0.012770221351611138,18.459527479850347,17.428370933348976,0.39040475556642745,7.929973714953053
2021-04-25,8.040569293623784,16.98143525878714,1.215583478468951,0.09286877666693168,28.302768563953496,0.015475023075459412,18.849629688852264,17.99968225114724,0.4143646821299604,8.087622983294725
2021-04-26,7.763510918389396,18.626695264484248,1.2827741096438214,0.10577058362327818,25.275402524693316,0.021043474644579986,19.822715514549625,18.154467437479216,0.46162840786550313,8.485991764626975
2021-04-27,7.393850254390976,20.49900437066807,1.379861551081122,0.1217353457620933,22.27149907254444,0.02304542806410812,20.91123798604466,18.27792250616327,0.5207830739826431,8.60106041129857
2021-04-28,6.6723711828250885,21.04582434850622,1.441226490983786,0.13681249525781078,21.06717017983563,0.025466950659329746,22.02544364879006,18.469980306004494,0.5711627871634234,8.544541609974114
2021-04-29,6.2403073806225375,21.877893255032426,1.4333748006890794,0.14713933621310957,20.892710527568596,0.029447184145655843,22.220133593052108,18.263205265896865,0.6036216557373617,8.29216700104222
2021-04-30,6.034501689783592,21.926699081356713,1.4231990101316467,0.14534853766622366,21.02044175771494,0.028474446586305067,22.24020038309226,18.178440546970595,0.6625003618793895,8.340194184818285
2021-05-01,5.833754306960517,21.97788678905557,1.4328778106819253,0.1489336613902748,21.21050434969354,0.03373346217344923,22.1096723073143,18.184643274554098,0.7187187074375324,8.349275330738747
2021-05-02,5.239803767107754,22.079397636531105,1.433080355651373,0.14330181718274693,21.294503516682727,0.036022533914358154,22.807552552842342,17.864626104212835,0.7548678892913827,8.346843826583335
2021-05-03,5.140391581111609,21.541395935052712,1.4418480269551424,0.14143439809761918,22.097378931491203,0.03652796534684817,22.299648419666173,18.405582479662147,0.8045626217271911,8.091229640889313
2021-05-04,5.18757764279989,20.492654304832048,1.44152618736356,0.14037758127560448,22.57618336881373,0.04118610714410204,22.47566572354023,18.91784051463545,0.8441600204714546,7.882828549123885
2021-05-05,5.366565718578237,20.929958439888562,1.3923146486799236,0.13790524190367812,22.13217733242851,0.042970953264842314,22.35863744263876,18.7934138571303,0.8293048881229038,8.016751477364236
2021-05-06,5.5135264339872085,19.940062491338967,1.3948159581337183,0.13556788972935918,22.301249482200785,0.04097699641286805,22.53264217090528,19.10568403363296,0.816171736345117,8.219302807313683
2021-05-07,5.363929127594732,19.491036904668352,1.4167377131164665,0.13619288466930238,22.495396858870038,0.037276384767669014,22.495536027989548,19.479939944236314,0.7529999574842845,8.33095419660324
2021-05-08,5.219163071250465,19.859414276620697,1.4112217762119166,0.13196075939159882,22.33248790306927,0.03308768300337568,22.416475791710845,19.605034097289373,0.7050457488888718,8.28610889256353
2021-05-09,6.1349221346326095,20.47719168910657,1.4088492230206466,0.13160063300243116,21.878321106461772,0.03190860534218184,21.47947999422762,19.50545877093358,0.6581286352984854,8.294139207974059
2021-05-10,6.393666048341044,20.31583564705053,1.3407125350509932,0.1290269878339959,20.690424549392,0.029321933323434694,22.02480164923086,18.69730327971005,0.5927472280326462,9.786160142034394
2021-05-11,6.846437034499063,20.226931946958587,1.3119483406961354,0.1221777476578372,20.446503677609222,0.02531500382932814,21.88855028322751,18.032841310251175,0.5123528705583106,10.58694178471278
2021-05-12,7.115167877628474,19.850691582606483,1.3375050701624736,0.1157359540694057,20.845224021426215,0.023235943554358953,21.64072643869297,18.0645288350591,0.4947546834307806,10.51242959336969
2021-05-13,7.305948330735648,19.72673261194974,1.3342384210947646,0.11481823752991234,20.676145856561327,0.024164402950886257,21.73031112349899,17.926167218357225,0.4964533768061628,10.665020420515296
2021-05-14,7.649527039795756,19.36782791422434,1.3304063006946263,0.12189063581846904,20.875402088047327,0.02658154805842145,21.606505455549605,17.852116483891418,0.503741820736752,10.666000713183236
2021-05-15,8.199267365407847,19.034629628210585,1.3148227050278603,0.15989249401644653,21.395677105835862,0.02677725047466697,20.947392756089553,17.78024451103525,0.49271431147253203,10.648581872429345
2021-05-16,8.058136196045464,18.321890969292134,1.322267007395134,0.45807995578446553,21.66965343313219,0.025881528262923163,20.932980484629336,18.098753509747223,0.47912665771629376,10.633230257994779
2021-05-17,8.063248850816526,17.988496062653116,1.3650996798412847,0.5260765171819216,22.506306688259546,0.027189460816968224,20.92480382503886,18.911370254134425,0.4874270941530291,9.199981567104263
2021-05-18,7.902595589193795,18.766637938389348,1.3941901839292672,0.5489303412365648,22.237325591804726,0.03011288170109552,20.395425204059915,19.249424669644277,0.49681285577817064,8.978544744262788
2021-05-19,7.895524847714823,18.9573246886035,1.7354694811246925,0.5532481074097633,22.130762741242727,0.03245245008188917,19.88608982106942,19.372916432871992,0.49121723690677727,8.944994192974368
2021-05-20,8.603063463586722,18.797263168689003,1.9656068933709185,0.5532438832527282,22.36613431555539,0.030794411669298243,19.267052950003297,19.213764049206702,0.46764452161169473,8.735432343054196
2021-05-21,8.931553730151252,18.385365610005255,1.9922246448161487,0.7390939199166189,22.17022195427584,0.02754470440783147,19.445578358960695,19.052705707165398,0.46358788519788086,8.792123485103023
2021-05-22,9.253707328371533,18.055281824638325,2.0043296167534943,0.7124591440821881,21.796388302358285,0.026108262884367073,19.989493398879837,18.86917146188764,0.4508561903125453,8.842204469831726
2021-05-23,9.454530902520185,18.86110506708571,1.9693472700186538,0.41563315076010376,22.281584389364685,0.025117759575475136,19.27502298866317,18.392963599888912,0.43776569952829886,8.886929172594746
2021-05-24,9.901193612213389,18.851376987615946,1.9302227973651715,0.35804518632442617,23.155198422093147,0.02071337083009813,18.72479179863367,17.86533236506104,0.4120193909214134,8.781106068941643
2021-05-25,9.83324788850204,18.33529053877131,1.974471529749713,0.3411664874114565,23.59859914544968,0.017436075692616217,19.450935060064722,17.775778389159008,0.41557953506037426,8.25749535013903
